<?xml version="1.0" encoding="UTF-8"?>
<GenRun Id="impl_1" LaunchPart="xc7a35tcpg236-1" LaunchTime="1696354675">
  <File Type="ROUTE-PWR" Name="multiples_detector_power_routed.rpt"/>
  <File Type="PA-TCL" Name="multiples_detector.tcl"/>
  <File Type="ROUTE-PWR-SUM" Name="multiples_detector_power_summary_routed.pb"/>
  <File Type="REPORTS-TCL" Name="multiples_detector_reports.tcl"/>
  <File Type="OPT-RQA-PB" Name="multiples_detector_rqa_opted.pb"/>
  <File Type="BITSTR-MMI" Name="multiples_detector.mmi"/>
  <File Type="OPT-METHODOLOGY-DRC" Name="multiples_detector_methodology_drc_opted.rpt"/>
  <File Type="INIT-TIMING" Name="multiples_detector_timing_summary_init.rpt"/>
  <File Type="OPT-TIMING" Name="multiples_detector_timing_summary_opted.rpt"/>
  <File Type="OPT-DCP" Name="multiples_detector_opt.dcp"/>
  <File Type="OPT-DRC" Name="multiples_detector_drc_opted.rpt"/>
  <File Type="OPT-HWDEF" Name="multiples_detector.hwdef"/>
  <File Type="PWROPT-DCP" Name="multiples_detector_pwropt.dcp"/>
  <File Type="PWROPT-DRC" Name="multiples_detector_drc_pwropted.rpt"/>
  <File Type="PWROPT-TIMING" Name="multiples_detector_timing_summary_pwropted.rpt"/>
  <File Type="PLACE-DCP" Name="multiples_detector_placed.dcp"/>
  <File Type="PLACE-IO" Name="multiples_detector_io_placed.rpt"/>
  <File Type="PLACE-CLK" Name="multiples_detector_clock_utilization_placed.rpt"/>
  <File Type="PLACE-UTIL" Name="multiples_detector_utilization_placed.rpt"/>
  <File Type="PLACE-UTIL-PB" Name="multiples_detector_utilization_placed.pb"/>
  <File Type="PLACE-CTRL" Name="multiples_detector_control_sets_placed.rpt"/>
  <File Type="PLACE-SIMILARITY" Name="multiples_detector_incremental_reuse_placed.rpt"/>
  <File Type="PLACE-PRE-SIMILARITY" Name="multiples_detector_incremental_reuse_pre_placed.rpt"/>
  <File Type="BG-BIN" Name="multiples_detector.bin"/>
  <File Type="PLACE-TIMING" Name="multiples_detector_timing_summary_placed.rpt"/>
  <File Type="ROUTE-PWR-RPX" Name="multiples_detector_power_routed.rpx"/>
  <File Type="PLACE-RQA-PB" Name="multiples_detector_rqa_placed.pb"/>
  <File Type="POSTPLACE-PWROPT-DCP" Name="multiples_detector_postplace_pwropt.dcp"/>
  <File Type="BITSTR-MSK" Name="multiples_detector.msk"/>
  <File Type="POSTPLACE-PWROPT-TIMING" Name="multiples_detector_timing_summary_postplace_pwropted.rpt"/>
  <File Type="PHYSOPT-DCP" Name="multiples_detector_physopt.dcp"/>
  <File Type="PHYSOPT-DRC" Name="multiples_detector_drc_physopted.rpt"/>
  <File Type="BITSTR-RBT" Name="multiples_detector.rbt"/>
  <File Type="PHYSOPT-TIMING" Name="multiples_detector_timing_summary_physopted.rpt"/>
  <File Type="ROUTE-ERROR-DCP" Name="multiples_detector_routed_error.dcp"/>
  <File Type="ROUTE-DCP" Name="multiples_detector_routed.dcp"/>
  <File Type="ROUTE-BLACKBOX-DCP" Name="multiples_detector_routed_bb.dcp"/>
  <File Type="ROUTE-DRC" Name="multiples_detector_drc_routed.rpt"/>
  <File Type="ROUTE-DRC-PB" Name="multiples_detector_drc_routed.pb"/>
  <File Type="ROUTE-DRC-RPX" Name="multiples_detector_drc_routed.rpx"/>
  <File Type="ROUTE-METHODOLOGY-DRC" Name="multiples_detector_methodology_drc_routed.rpt"/>
  <File Type="ROUTE-METHODOLOGY-DRC-RPX" Name="multiples_detector_methodology_drc_routed.rpx"/>
  <File Type="ROUTE-METHODOLOGY-DRC-PB" Name="multiples_detector_methodology_drc_routed.pb"/>
  <File Type="ROUTE-RQS-PB" Name="multiples_detector_rqs_routed.pb"/>
  <File Type="ROUTE-STATUS" Name="multiples_detector_route_status.rpt"/>
  <File Type="ROUTE-STATUS-PB" Name="multiples_detector_route_status.pb"/>
  <File Type="ROUTE-TIMINGSUMMARY" Name="multiples_detector_timing_summary_routed.rpt"/>
  <File Type="ROUTE-TIMING-PB" Name="multiples_detector_timing_summary_routed.pb"/>
  <File Type="ROUTE-TIMING-RPX" Name="multiples_detector_timing_summary_routed.rpx"/>
  <File Type="ROUTE-SIMILARITY" Name="multiples_detector_incremental_reuse_routed.rpt"/>
  <File Type="ROUTE-CLK" Name="multiples_detector_clock_utilization_routed.rpt"/>
  <File Type="ROUTE-BUS-SKEW" Name="multiples_detector_bus_skew_routed.rpt"/>
  <File Type="ROUTE-BUS-SKEW-PB" Name="multiples_detector_bus_skew_routed.pb"/>
  <File Type="ROUTE-BUS-SKEW-RPX" Name="multiples_detector_bus_skew_routed.rpx"/>
  <File Type="POSTROUTE-PHYSOPT-DCP" Name="multiples_detector_postroute_physopt.dcp"/>
  <File Type="POSTROUTE-PHYSOPT-BLACKBOX-DCP" Name="multiples_detector_postroute_physopt_bb.dcp"/>
  <File Type="POSTROUTE-PHYSOPT-TIMING" Name="multiples_detector_timing_summary_postroute_physopted.rpt"/>
  <File Type="POSTROUTE-PHYSOPT-TIMING-PB" Name="multiples_detector_timing_summary_postroute_physopted.pb"/>
  <File Type="POSTROUTE-PHYSOPT-TIMING-RPX" Name="multiples_detector_timing_summary_postroute_physopted.rpx"/>
  <File Type="POSTROUTE-PHYSOPT-BUS-SKEW" Name="multiples_detector_bus_skew_postroute_physopted.rpt"/>
  <File Type="BG-BIT" Name="multiples_detector.bit"/>
  <File Type="POSTROUTE-PHYSOPT-BUS-SKEW-PB" Name="multiples_detector_bus_skew_postroute_physopted.pb"/>
  <File Type="POSTROUTE-PHYSOPT-BUS-SKEW-RPX" Name="multiples_detector_bus_skew_postroute_physopted.rpx"/>
  <File Type="BITSTR-NKY" Name="multiples_detector.nky"/>
  <File Type="BITSTR-BMM" Name="multiples_detector_bd.bmm"/>
  <File Type="PDI-FILE" Name="multiples_detector.pdi"/>
  <File Type="BOOT-PDI-FILE" Name="multiples_detector_soc.pdi"/>
  <File Type="PL-PDI-FILE" Name="multiples_detector_pld.pdi"/>
  <File Type="RCFI_FILE" Name="multiples_detector.rcfi"/>
  <File Type="CFI_FILE" Name="multiples_detector.cfi"/>
  <File Type="RNPI_FILE" Name="multiples_detector.rnpi"/>
  <File Type="NPI_FILE" Name="multiples_detector.npi"/>
  <File Type="RBD_FILE" Name="multiples_detector.rbd"/>
  <File Type="BITSTR-LTX" Name="debug_nets.ltx"/>
  <File Type="BITSTR-LTX" Name="multiples_detector.ltx"/>
  <File Type="BITSTR-SYSDEF" Name="multiples_detector.sysdef"/>
  <File Type="BG-BGN" Name="multiples_detector.bgn"/>
  <File Type="BG-DRC" Name="multiples_detector.drc"/>
  <File Type="RDI-RDI" Name="multiples_detector.vdi"/>
  <File Type="WBT-USG" Name="usage_statistics_webtalk.html"/>
  <File Type="ROUTE-RQS" Name="multiples_detector_routed.rqs"/>
  <File Type="POSTROUTE-PHYSOPT-RQS" Name="multiples_detector_postroute_physopted.rqs"/>
  <File Type="ROUTE-RQS-RPT" Name="route_report_qor_suggestions_0.rpt"/>
  <File Type="POSTROUTE-PHYSOPT-RQS-RPT" Name="postroute_physopt_report_qor_suggestions_0.rpt"/>
  <FileSet Name="sources" Type="DesignSrcs" RelSrcDir="$PSRCDIR/sources_1" RelGenDir="$PGENDIR/sources_1">
    <Filter Type="Srcs"/>
    <File Path="$PSRCDIR/sources_1/new/multiples_detector.v">
      <FileInfo>
        <Attr Name="UsedIn" Val="synthesis"/>
        <Attr Name="UsedIn" Val="implementation"/>
        <Attr Name="UsedIn" Val="simulation"/>
      </FileInfo>
    </File>
    <File Path="$PSRCDIR/sources_1/new/lab5_multiple_2_or_3.v">
      <FileInfo>
        <Attr Name="AutoDisabled" Val="1"/>
        <Attr Name="UsedIn" Val="synthesis"/>
        <Attr Name="UsedIn" Val="implementation"/>
        <Attr Name="UsedIn" Val="simulation"/>
      </FileInfo>
    </File>
    <Config>
      <Option Name="DesignMode" Val="RTL"/>
      <Option Name="TopModule" Val="multiples_detector"/>
      <Option Name="TopAutoSet" Val="TRUE"/>
    </Config>
  </FileSet>
  <FileSet Name="constrs_in" Type="Constrs" RelSrcDir="$PSRCDIR/constrs_1" RelGenDir="$PGENDIR/constrs_1">
    <Filter Type="Constrs"/>
    <File Path="$PPRDIR/../../../../../../Downloads/Basys-3-Master.xdc">
      <FileInfo>
        <Attr Name="UsedIn" Val="synthesis"/>
        <Attr Name="UsedIn" Val="implementation"/>
      </FileInfo>
    </File>
    <Config>
      <Option Name="ConstrsType" Val="XDC"/>
    </Config>
  </FileSet>
  <FileSet Name="utils" Type="Utils" RelSrcDir="$PSRCDIR/utils_1" RelGenDir="$PGENDIR/utils_1">
    <Filter Type="Utils"/>
    <File Path="$PSRCDIR/utils_1/imports/synth_1/multiples_detector.dcp">
      <FileInfo>
        <Attr Name="UsedIn" Val="synthesis"/>
        <Attr Name="UsedIn" Val="implementation"/>
        <Attr Name="UsedInSteps" Val="synth_1"/>
        <Attr Name="AutoDcp" Val="1"/>
      </FileInfo>
    </File>
    <Config>
      <Option Name="TopAutoSet" Val="TRUE"/>
    </Config>
  </FileSet>
  <Strategy Version="1" Minor="2">
    <StratHandle Name="Vivado Implementation Defaults" Flow="Vivado Implementation 2023">
      <Desc>Default settings for Implementation.</Desc>
    </StratHandle>
    <Step Id="init_design"/>
    <Step Id="opt_design"/>
    <Step Id="power_opt_design"/>
    <Step Id="place_design"/>
    <Step Id="post_place_power_opt_design"/>
    <Step Id="phys_opt_design"/>
    <Step Id="route_design"/>
    <Step Id="post_route_phys_opt_design"/>
    <Step Id="write_bitstream"/>
  </Strategy>
</GenRun>
